Workbook
Name Slicer_Bonus: #N/A
Name Slicer_Department: #N/A
Name Slicer_Region: #N/A
Name Slicer_Status: #N/A

Sheet Dashboard
B2: Employee Performance Analytics Dashboard
B3: Source: Employee Performance Analytics Dashboard (MIS).xlsx | F3: Generated: 2026-07-01 | J3: Data range: 2026-01-01 to 2026-04-10
B5: Key insights
B6: Top score: Divya Pandey (96)
B7: Highest payroll exposure: Sales department
B8: Overall performance average: 82.5
B9: Active workforce: 100 of 100 employees
B11: Total Employees | E11: Active Employees | H11: Average Score | K11: Total Salary | N11: Total Bonus | Q11: Excellent Ratings
B12: =COUNTA(EmployeeData!A2:A101) -> 100 | E12: =COUNTIF(EmployeeData!I2:I101,"Active") -> 100 | H12: =AVERAGE(EmployeeData!H2:H101) -> 82.54 | K12: =SUM(EmployeeData!J2:J101) -> 3575000 | N12: =COUNTIF(EmployeeData!K2:K101,"Yes") -> 75 | Q12: =COUNTIF(EmployeeData!L2:L101,"Excellent") -> 25
B17: Department performance | I17: Region performance | N17: Top performers
B18: Department | C18: Employees | D18: Avg Score | E18: Total Hours | F18: Total Salary | I18: Region | J18: Employees | K18: Avg Score | L18: Total Tasks | N18: Employee | O18: Department | P18: Region | Q18: Score | R18: Hours
B19: Finance | C19: =COUNTIF(EmployeeData!C2:C101,B19) -> 25 | D19: =AVERAGEIF(EmployeeData!C2:C101,B19,EmployeeData!H2:H101) -> 86.2 | E19: =SUMIF(EmployeeData!C2:C101,B19,EmployeeData!F2:F101) -> 200 | F19: =SUMIF(EmployeeData!C2:C101,B19,EmployeeData!J2:J101) -> 1000000 | I19: East | J19: =COUNTIF(EmployeeData!D2:D101,I19) -> 25 | K19: =AVERAGEIF(EmployeeData!D2:D101,I19,EmployeeData!H2:H101) -> 75.64 | L19: =SUMIF(EmployeeData!D2:D101,I19,EmployeeData!G2:G101) -> 227 | N19: Dev Sharma | O19: IT | P19: South | Q19: 96 | R19: 9
B20: HR | C20: =COUNTIF(EmployeeData!C2:C101,B20) -> 25 | D20: =AVERAGEIF(EmployeeData!C2:C101,B20,EmployeeData!H2:H101) -> 74.52 | E20: =SUMIF(EmployeeData!C2:C101,B20,EmployeeData!F2:F101) -> 175 | F20: =SUMIF(EmployeeData!C2:C101,B20,EmployeeData!J2:J101) -> 700000 | I20: North | J20: =COUNTIF(EmployeeData!D2:D101,I20) -> 25 | K20: =AVERAGEIF(EmployeeData!D2:D101,I20,EmployeeData!H2:H101) -> 76.16 | L20: =SUMIF(EmployeeData!D2:D101,I20,EmployeeData!G2:G101) -> 232 | N20: Divya Pandey | O20: IT | P20: South | Q20: 96 | R20: 9
B21: IT | C21: =COUNTIF(EmployeeData!C2:C101,B21) -> 25 | D21: =AVERAGEIF(EmployeeData!C2:C101,B21,EmployeeData!H2:H101) -> 93.28 | E21: =SUMIF(EmployeeData!C2:C101,B21,EmployeeData!F2:F101) -> 225 | F21: =SUMIF(EmployeeData!C2:C101,B21,EmployeeData!J2:J101) -> 1125000 | I21: South | J21: =COUNTIF(EmployeeData!D2:D101,I21) -> 25 | K21: =AVERAGEIF(EmployeeData!D2:D101,I21,EmployeeData!H2:H101) -> 92.16 | L21: =SUMIF(EmployeeData!D2:D101,I21,EmployeeData!G2:G101) -> 374 | N21: Varun Mehta | O21: IT | P21: South | Q21: 96 | R21: 9
B22: Sales | C22: =COUNTIF(EmployeeData!C2:C101,B22) -> 25 | D22: =AVERAGEIF(EmployeeData!C2:C101,B22,EmployeeData!H2:H101) -> 76.16 | E22: =SUMIF(EmployeeData!C2:C101,B22,EmployeeData!F2:F101) -> 180 | F22: =SUMIF(EmployeeData!C2:C101,B22,EmployeeData!J2:J101) -> 750000 | I22: West | J22: =COUNTIF(EmployeeData!D2:D101,I22) -> 25 | K22: =AVERAGEIF(EmployeeData!D2:D101,I22,EmployeeData!H2:H101) -> 86.2 | L22: =SUMIF(EmployeeData!D2:D101,I22,EmployeeData!G2:G101) -> 310 | N22: Ashok Sharma | O22: IT | P22: South | Q22: 95 | R22: 9
N23: Krishna Gupta | O23: IT | P23: South | Q23: 95 | R23: 9
N24: Pooja Malhotra | O24: IT | P24: South | Q24: 95 | R24: 9
N25: Rahul Verma | O25: IT | P25: South | Q25: 95 | R25: 9
N26: Rekha Reddy | O26: IT | P26: South | Q26: 95 | R26: 9
N27: Arjun Sharma | O27: IT | P27: South | Q27: 94 | R27: 9
N28: Kunal Iyer | O28: IT | P28: South | Q28: 94 | R28: 9
N31: Performance mix
N32: Performance Level | O32: Count
N33: Excellent | O33: 25
N34: Good | O34: 37
N35: Average | O35: 32
N36: Poor | O36: 6

Sheet EmployeeData
A1: EmployeeID | B1: Name | C1: Department | D1: Region | E1: Date | F1: Hours | G1: Tasks | H1: Score | I1: Status | J1: Salary | K1: Bonus | L1: Performance Level
A2: 1 | B2: Amit Sharma | C2: Sales | D2: North | E2: 46023 | F2: 8 | G2: 12 | H2: 85 | I2: Active | J2: 30000 | K2: =IF(J2>=30000,"Yes","No") -> Yes | L2: =IF(H2>=90,"Excellent",IF(H2>=80,"Good",IF(H2>=70,"Average","Poor"))) -> Good
A3: 2 | B3: Neha Verma | C3: HR | D3: South | E3: 46024 | F3: 7 | G3: 10 | H3: 78 | I3: Active | J3: 28000 | K3: =IF(J3>=30000,"Yes","No") -> No | L3: =IF(H3>=90,"Excellent",IF(H3>=80,"Good",IF(H3>=70,"Average","Poor"))) -> Average
A4: 3 | B4: Rahul Gupta | C4: IT | D4: East | E4: 46025 | F4: 9 | G4: 15 | H4: 92 | I4: Active | J4: 45000 | K4: =IF(J4>=30000,"Yes","No") -> Yes | L4: =IF(H4>=90,"Excellent",IF(H4>=80,"Good",IF(H4>=70,"Average","Poor"))) -> Excellent
A5: 4 | B5: Priya Yadav | C5: Finance | D5: West | E5: 46026 | F5: 8 | G5: 11 | H5: 88 | I5: Active | J5: 40000 | K5: =IF(J5>=30000,"Yes","No") -> Yes | L5: =IF(H5>=90,"Excellent",IF(H5>=80,"Good",IF(H5>=70,"Average","Poor"))) -> Good
A6: 5 | B6: Vikram Singh | C6: Sales | D6: North | E6: 46027 | F6: 6 | G6: 8 | H6: 70 | I6: Active | J6: 30000 | K6: =IF(J6>=30000,"Yes","No") -> Yes | L6: =IF(H6>=90,"Excellent",IF(H6>=80,"Good",IF(H6>=70,"Average","Poor"))) -> Average
A7: 6 | B7: Sneha Kumar | C7: IT | D7: South | E7: 46028 | F7: 9 | G7: 14 | H7: 90 | I7: Active | J7: 45000 | K7: =IF(J7>=30000,"Yes","No") -> Yes | L7: =IF(H7>=90,"Excellent",IF(H7>=80,"Good",IF(H7>=70,"Average","Poor"))) -> Excellent
A8: 7 | B8: Rohit Mehta | C8: HR | D8: East | E8: 46029 | F8: 7 | G8: 9 | H8: 75 | I8: Active | J8: 28000 | K8: =IF(J8>=30000,"Yes","No") -> No | L8: =IF(H8>=90,"Excellent",IF(H8>=80,"Good",IF(H8>=70,"Average","Poor"))) -> Average
A9: 8 | B9: Anjali Jain | C9: Finance | D9: West | E9: 46030 | F9: 8 | G9: 13 | H9: 86 | I9: Active | J9: 40000 | K9: =IF(J9>=30000,"Yes","No") -> Yes | L9: =IF(H9>=90,"Excellent",IF(H9>=80,"Good",IF(H9>=70,"Average","Poor"))) -> Good
A10: 9 | B10: Karan Kapoor | C10: Sales | D10: North | E10: 46031 | F10: 8 | G10: 10 | H10: 80 | I10: Active | J10: 30000 | K10: =IF(J10>=30000,"Yes","No") -> Yes | L10: =IF(H10>=90,"Excellent",IF(H10>=80,"Good",IF(H10>=70,"Average","Poor"))) -> Good
A11: 10 | B11: Pooja Malhotra | C11: IT | D11: South | E11: 46032 | F11: 9 | G11: 16 | H11: 95 | I11: Active | J11: 45000 | K11: =IF(J11>=30000,"Yes","No") -> Yes | L11: =IF(H11>=90,"Excellent",IF(H11>=80,"Good",IF(H11>=70,"Average","Poor"))) -> Excellent
A12: 11 | B12: Deepak Chawla | C12: HR | D12: East | E12: 46033 | F12: 7 | G12: 9 | H12: 74 | I12: Active | J12: 28000 | K12: =IF(J12>=30000,"Yes","No") -> No | L12: =IF(H12>=90,"Excellent",IF(H12>=80,"Good",IF(H12>=70,"Average","Poor"))) -> Average
A13: 12 | B13: Isha Bansal | C13: Finance | D13: West | E13: 46034 | F13: 8 | G13: 12 | H13: 84 | I13: Active | J13: 40000 | K13: =IF(J13>=30000,"Yes","No") -> Yes | L13: =IF(H13>=90,"Excellent",IF(H13>=80,"Good",IF(H13>=70,"Average","Poor"))) -> Good
... A101: 100 | B101: Renu Sharma | C101: Finance | D101: West | E101: 46122 | F101: 8 | G101: 13 | H101: 88 | I101: Active | J101: 40000 | K101: =IF(J101>=30000,"Yes","No") -> Yes | L101: =IF(H101>=90,"Excellent",IF(H101>=80,"Good",IF(H101>=70,"Average","Poor"))) -> Good

Sheet Pivot Table
F1: There are total 5 pivot tables
A3: Row Labels | B3: Sum of Score
A4: Finance | B4: 2155
A5: HR | B5: 1863
A6: IT | B6: 2332
A7: Sales | B7: 1904
A8: Grand Total | B8: 8254
A12: Region | B12: Sum of Salary | C12: Average of Score
A13: East | B13: 734000 | C13: 75.64
A14: North | B14: 750000 | C14: 76.16
A15: South | B15: 1091000 | C15: 92.16
A16: West | B16: 1000000 | C16: 86.2
A17: Grand Total | B17: 3575000 | C17: 82.54
A21: Row Labels | B21: Count of EmployeeID
A22: Jan | B22: 31
A23: Feb | B23: 28
A24: Mar | B24: 31
A25: Apr | B25: 10
A26: Grand Total | B26: 100
A30: Row Labels | B30: Count of EmployeeID
A31: No | B31: 25
A32: Yes | B32: 75
A33: Grand Total | B33: 100
A37: Row Labels | B37: Sum of Score
A38: Dev Sharma | B38: 96
A39: Varun Mehta | B39: 96
A40: Divya Pandey | B40: 96
A41: Rahul Verma | B41: 95
A42: Pooja Malhotra | B42: 95
A43: Rekha Reddy | B43: 95
A44: Ashok Sharma | B44: 95
A45: Krishna Gupta | B45: 95
A46: Kunal Iyer | B46: 94
A47: Priyanka Kumar | B47: 94
A48: Arjun Sharma | B48: 94
A49: Arvind Sinha | B49: 93
... A138: Grand Total | B138: 8254

Sheet Chart
